{"count":1,"self":1004.308992,"total":3949.4824303,"children":{"InitializeActuators":{"count":1,"self":0.0029928999999999997,"total":0.0029928999999999997,"children":null},"InitializeSensors":{"count":1,"self":0.0019947999999999997,"total":0.0019947999999999997,"children":null},"AgentInfo.ToProto":{"count":3321,"self":0.0309675,"total":0.0738548,"children":{"GenerateSensorData":{"count":3321,"self":0.042887299999999996,"total":0.042887299999999996,"children":null}}},"AgentSendState":{"count":500024,"self":5.7410432,"total":36.8328414,"children":{"CollectObservations":{"count":500024,"self":16.46232,"total":16.4623198,"children":null},"WriteActionMask":{"count":500024,"self":0.9938693999999999,"total":0.9938693999999999,"children":null},"RequestDecision":{"count":500024,"self":3.7001424,"total":13.6356091,"children":{"AgentInfo.ToProto":{"count":500024,"self":3.6586999999999996,"total":9.9354667,"children":{"GenerateSensorData":{"count":500024,"self":6.2767668,"total":6.2767668,"children":null}}}}}}},"DecideAction":{"count":500024,"self":2905.3282304,"total":2905.3282910999997,"children":null},"AgentAct":{"count":500024,"self":2.9334708,"total":2.9334708,"children":null}},"gauges":{"SnakeAgent.CumulativeReward":{"count":3321,"max":19,"min":-4,"runningAverage":1.30472708,"value":-1,"weightedAverage":2.1624856}},"metadata":{"timer_format_version":"0.1.0","start_time_seconds":"1687619855","unity_version":"2022.3.1f1","command_line_arguments":"C:\\Program Files\\Unity\\Hub\\Editor\\2022.3.1f1\\Editor\\Unity.exe","communication_protocol_version":"1.5.0","com.unity.ml-agents_version":"2.3.0-exp.3","scene_name":"Snake","end_time_seconds":"1687623804"}}
